XYZ-ME;symbol;hemisphere;seg_id;optic_lobe_id;dorso-ventral
182116.0,75129.0,2484.0;Tm9;R;720575940615761570;R1;V
181221.0,71952.0,2523.0;Tm9;R;720575940630668871;R2;V
190086.0,85837.0,3281.0;Tm9;R;720575940627187849;R3;V
195500.0,50706.0,3987.0;Tm9;R;720575940633362131;R4;D
195267.0,48669.0,3884.0;Tm9;R;720575940612657522;R5;D
199314.0,68960.0,3401.0;Tm9;R;720575940618481733;R6;D
202562.0,57002.0,4241.0;Tm9;R;720575940629750844;R7;D
199343.0,55328.0,3938.0;Tm9;R;720575940614557708;R8;D
204020.0,66702.0,3898.0;Tm9;R;720575940621766365;R9;D
208318.0,59120.0,5251.0;Tm9;R;720575940634430456;R10;D
185473.0,53620.0,2963.0;Tm9;R;720575940637446990;R11;D
184055.0,67716.0,2519.0;Tm9;R;720575940615404812;R12;D
199944.0,70462.0,3486.0;Tm9;R;720575940625889155;R13;D
196664.0,46197.0,4355.0;Tm9;R;720575940610056654;R14;D
192951.0,47884.0,3776.0;Tm9;R;720575940630186571;R15;D
195363.0,90789.0,4280.0;Tm9;R;720575940659650945;R16;V
204464.0,71294.0,4152.0;Tm9;R;720575940628721307;R17;D
205574.0,79752.0,4539.0;Tm9;R;720575940624447015;R18;V
177690.0,83038.0,2707.0;Tm9;R;720575940626579087;R19;V
204922.0,72633.0,4120.0;Tm9;R;720575940642642996;R20;D
205690.0,75890.0,4438.0;Tm9;R;720575940642871604;R21;V
204395.0,80544.0,4359.0;Tm9;R;720575940632064331;R22;V
191032.0,56345.0,3064.0;Tm9;R;720575940630963275;R23;D
195811.0,87406.0,3940.0;Tm9;R;720575940627342408;R24;V
193919.0,84738.0,3452.0;Tm9;R;720575940626985482;R25;V
192914.0,54628.0,3361.0;Tm9;R;720575940625769418;R26;D
180648.0,76541.0,2582.0;Tm9;R;720575940636474286;R27;V
184227.0,74465.0,2526.0;Tm9;R;720575940614954143;R28;V
201104.0,82268.0,4009.0;Tm9;R;720575940631685587;R29;V
189864.0,86775.0,3298.0;Tm9;R;720575940608295433;R30;V
193530.0,85478.0,3460.0;Tm9;R;720575940623587939;R31;V
195618.0,92635.0,4359.0;Tm9;R;720575940633269971;R32;V
197514.0,87171.0,4013.0;Tm9;R;720575940629511874;R33;V
202604.0,84289.0,4514.0;Tm9;R;720575940637612429;R34;V
196402.0,92618.0,4704.0;Tm9;R;720575940621604822;R35;V
192455.0,61272.0,2990.0;Tm9;R;720575940619169752;R36;D
201164.0,55395.0,4162.0;Tm9;R;720575940609798386;R37;D
199432.0,89468.0,4668.0;Tm9;R;720575940619784545;R38;V
196992.0,56249.0,3527.0;Tm9;R;720575940617429131;R39;D
188128.0,76104.0,2792.0;Tm9;R;720575940626513173;R40;V
208918.0,61176.0,5210.0;Tm9;R;720575940627182327;R41;D
203074.0,85828.0,4556.0;Tm9;R;720575940637255821;R42;V
204074.0,85869.0,4835.0;Tm9;R;720575940638358643;R43;V
195584.0,88780.0,3997.0;Tm9;R;720575940632804453;R44;V
192243.0,89102.0,3711.0;Tm9;R;720575940608822281;R45;V
199818.0,66454.0,3424.0;Tm9;R;720575940608983235;R46;D
188442.0,95178.0,4222.0;Tm9;R;720575940622202582;R47;V
195414.0,54552.0,3519.0;Tm9;R;720575940631324985;R48;D
199552.0,77571.0,3521.0;Tm9;R;720575940640432848;R49;V
192115.0,93496.0,4293.0;Tm9;R;720575940616591755;R50;V
192282.0,80398.0,3013.0;Tm9;R;720575940622199688;R51;V
187736.0,72489.0,2707.0;Tm9;R;720575940630105964;R52;V
202490.0,81802.0,4155.0;Tm9;R;720575940620189934;R53;V
194924.0,65786.0,3115.0;Tm9;R;720575940632213646;R54;D
190650.0,68842.0,2656.0;Tm9;R;720575940612404502;R55;D
197048.0,83342.0,3663.0;Tm9;R;720575940623302035;R56;V
196939.0,63911.0,3259.0;Tm9;R;720575940625199900;R57;D
205291.0,52195.0,5168.0;Tm9;R;720575940640152448;R58;D
204035.0,60608.0,4217.0;Tm9;R;720575940640913037;R59;D
196079.0,47353.0,4080.0;Tm9;R;720575940620680277;R60;D
192812.0,55264.0,3158.0;Tm9;R;720575940620204422;R61;D
192518.0,67834.0,2886.0;Tm9;R;720575940621683494;R62;D
203709.0,86697.0,5387.0;Tm9;R;720575940616410909;R63;V
205851.0,83314.0,5286.0;Tm9;R;720575940640563315;R64;V
208780.0,73618.0,5222.0;Tm9;R;720575940645555252;R65;D
191296.0,77449.0,2880.0;Tm9;R;720575940644367396;R66;V
203146.0,86736.0,5070.0;Tm9;R;720575940639044942;R67;V
191896.0,65958.0,2843.0;Tm9;R;720575940619699068;R68;D
200095.0,84406.0,4090.0;Tm9;R;720575940612630130;R69;V
192512.0,88556.0,3552.0;Tm9;R;720575940635858544;R70;V
188492.0,80132.0,2910.0;Tm9;R;720575940628551680;R71;V
200337.0,87170.0,4370.0;Tm9;R;720575940637550221;R72;V
205182.0,82697.0,4767.0;Tm9;R;720575940640435152;R73;V
197910.0,91015.0,4573.0;Tm9;R;720575940620204678;R74;V
193650.0,83613.0,3351.0;Tm9;R;720575940622941181;R75;V
193512.0,93497.0,4449.0;Tm9;R;720575940633285739;R76;V
194539.0,79460.0,3236.0;Tm9;R;720575940623305107;R77;V
189194.0,65247.0,2938.0;Tm9;R;720575940645592628;R78;D
203332.0,84468.0,4660.0;Tm9;R;720575940620030633;R79;V
208764.0,73664.0,4937.0;Tm9;R;720575940638320256;R80;D
199626.0,78964.0,3669.0;Tm9;R;720575940624434320;R81;V
194519.0,61344.0,3090.0;Tm9;R;720575940631777676;R82;D
203966.0,71977.0,4001.0;Tm9;R;720575940610175381;R83;D
207391.0,78674.0,4928.0;Tm9;R;720575940614368175;R84;V
182137.0,83181.0,2805.0;Tm9;R;720575940628004358;R85;V
194625.0,55605.0,3370.0;Tm9;R;720575940627112748;R86;D
203317.0,61277.0,4123.0;Tm9;R;720575940612896682;R87;D
200875.0,77654.0,3796.0;Tm9;R;720575940632916783;R88;V
200951.0,79121.0,3910.0;Tm9;R;720575940628906795;R89;V
197959.0,62772.0,3412.0;Tm9;R;720575940639049038;R90;D
208679.0,75304.0,5081.0;Tm9;R;720575940641658676;R91;V
202860.0,60062.0,3915.0;Tm9;R;720575940638132058;R92;D
197970.0,73429.0,3230.0;Tm9;R;720575940639136600;R93;V
194697.0,90355.0,3912.0;Tm9;R;720575940627174415;R94;V
200742.0,56124.0,4030.0;Tm9;R;720575940624226795;R95;D
203974.0,85378.0,5087.0;Tm9;R;720575940616225209;R96;V
199310.0,90166.0,4845.0;Tm9;R;720575940627273487;R97;V
197926.0,92566.0,4691.0;Tm9;R;720575940627471887;R98;V
189472.0,78282.0,2902.0;Tm9;R;720575940616789734;R99;V
184117.0,65174.0,2470.0;Tm9;R;720575940613479074;R100;D
207191.0,77626.0,4711.0;Tm9;R;720575940642371981;R101;V
193387.0,94394.0,4569.0;Tm9;R;720575940626393858;R102;V
205470.0,83546.0,5100.0;Tm9;R;720575940627031570;R103;V
201560.0,81129.0,3938.0;Tm9;R;720575940637834867;R104;V
201756.0,87896.0,4840.0;Tm9;R;720575940627331599;R105;V
194626.0,80713.0,3210.0;Tm9;R;720575940604494694;R106;V
185552.0,79831.0,2804.0;Tm9;R;720575940645816099;R107;V
184842.0,71372.0,2520.0;Tm9;R;720575940633726364;R108;V
201766.0,83910.0,4188.0;Tm9;R;720575940604080318;R109;V
195428.0,57978.0,3314.0;Tm9;R;720575940627095340;R110;D
193165.0,51224.0,3386.0;Tm9;R;720575940637762879;R111;D
187883.0,84441.0,3095.0;Tm9;R;720575940608295726;R112;V
193426.0,60022.0,3022.0;Tm9;R;720575940618650166;R113;D
183806.0,92022.0,3477.0;Tm9;R;720575940622375382;R114;V
188250.0,87370.0,3319.0;Tm9;R;720575940618326875;R115;V
191698.0,94760.0,4354.0;Tm9;R;720575940628769040;R116;V
189812.0,95756.0,4500.0;Tm9;R;720575940625753744;R117;V
204587.0,70057.0,4016.0;Tm9;R;720575940642842676;R118;D
204204.0,81677.0,4509.0;Tm9;R;720575940619897680;R119;V
209201.0,70966.0,4983.0;Tm9;R;720575940622198652;R120;D
194527.0,68463.0,3000.0;Tm9;R;720575940623407556;R121;D
196198.0,78228.0,3259.0;Tm9;R;720575940632157711;R122;V
201959.0,68068.0,3657.0;Tm9;R;720575940633004755;R123;D
189026.0,82280.0,2994.0;Tm9;R;720575940632968860;R124;V
203707.0,83624.0,4488.0;Tm9;R;720575940603557920;R125;V
184086.0,77626.0,2671.0;Tm9;R;720575940645323630;R126;V
199872.0,88513.0,4497.0;Tm9;R;720575940622667784;R127;V
190763.0,76570.0,2917.0;Tm9;R;720575940626856496;R128;V
189986.0,84756.0,3217.0;Tm9;R;720575940610735970;R129;V
201469.0,88369.0,4993.0;Tm9;R;720575940631502035;R130;V
191846.0,86434.0,3398.0;Tm9;R;720575940624511940;R131;V
198195.0,65304.0,3277.0;Tm9;R;720575940610445922;R132;D
192896.0,57469.0,3096.0;Tm9;R;720575940642273677;R133;D
190224.0,52106.0,3256.0;Tm9;R;720575940643763656;R134;D
185991.0,73313.0,2648.0;Tm9;R;720575940631353388;R135;V
189332.0,52930.0,3163.0;Tm9;R;720575940618076902;R136;D
198666.0,86155.0,4022.0;Tm9;R;720575940616149209;R137;V
194531.0,94111.0,4743.0;Tm9;R;720575940627086863;R138;V
180675.0,88861.0,3051.0;Tm9;R;720575940623853565;R139;V
200384.0,75206.0,3484.0;Tm9;R;720575940628791568;R140;V
189054.0,89326.0,3468.0;Tm9;R;720575940631675693;R141;V
196084.0,93463.0,4854.0;Tm9;R;720575940620358253;R142;V
195535.0,89702.0,4143.0;Tm9;R;720575940627250532;R143;V
191053.0,47780.0,3635.0;Tm9;R;720575940626196456;R144;D
209277.0,63842.0,5140.0;Tm9;R;720575940619409232;R145;D
203380.0,76440.0,4045.0;Tm9;R;720575940642834740;R146;V
201474.0,58690.0,3970.0;Tm9;R;720575940611754850;R147;D
206897.0,77980.0,5368.0;Tm9;R;720575940650176889;R148;V
202068.0,70040.0,3699.0;Tm9;R;720575940635145241;R149;D
198630.0,74844.0,3393.0;Tm9;R;720575940622621990;R150;V
195481.0,83924.0,3565.0;Tm9;R;720575940633880415;R151;V
193418.0,73556.0,2925.0;Tm9;R;720575940614678431;R152;V
197029.0,77149.0,3413.0;Tm9;R;720575940638027965;R153;V
187671.0,74841.0,2611.0;Tm9;R;720575940618985432;R154;V
207864.0,74602.0,4832.0;Tm9;R;720575940638538804;R155;V
197184.0,92224.0,4918.0;Tm9;R;720575940623784940;R156;V
196931.0,91111.0,4436.0;Tm9;R;720575940618093888;R157;V
199246.0,64330.0,3406.0;Tm9;R;720575940605034161;R158;D
195128.0,93282.0,4453.0;Tm9;R;720575940627067919;R159;V
205334.0,58417.0,4558.0;Tm9;R;720575940619301766;R160;D
186577.0,96125.0,4335.0;Tm9;R;720575940626935378;R161;V
190527.0,57384.0,2933.0;Tm9;R;720575940621711128;R162;D
203419.0,70392.0,3937.0;Tm9;R;720575940625428286;R163;D
195550.0,73389.0,3051.0;Tm9;R;720575940616682530;R164;V
188516.0,96097.0,4441.0;Tm9;R;720575940605128550;R165;V
199391.0,72504.0,3391.0;Tm9;R;720575940622600644;R166;V
190094.0,66338.0,2784.0;Tm9;R;720575940625529381;R167;D
206843.0,79932.0,5209.0;Tm9;R;720575940618334001;R168;V
195675.0,84758.0,3575.0;Tm9;R;720575940617570358;R169;V
188457.0,61623.0,2851.0;Tm9;R;720575940612782899;R170;D
193826.0,70405.0,2946.0;Tm9;R;720575940605480369;R171;V
191986.0,74299.0,2907.0;Tm9;R;720575940628552091;R172;V
202692.0,78628.0,4001.0;Tm9;R;720575940622129832;R173;V
193526.0,62404.0,2972.0;Tm9;R;720575940614667462;R174;D
207144.0,76012.0,4590.0;Tm9;R;720575940623866556;R175;V
194827.0,75737.0,3140.0;Tm9;R;720575940606093490;R176;V
206146.0,77223.0,4559.0;Tm9;R;720575940615785834;R177;V
187236.0,71811.0,2682.0;Tm9;R;720575940614527594;R178;V
193413.0,76768.0,2943.0;Tm9;R;720575940629883077;R179;V
182365.0,72225.0,2548.0;Tm9;R;720575940629900252;R180;V
205572.0,81132.0,4586.0;Tm9;R;720575940624919994;R181;V
185432.0,68816.0,2508.0;Tm9;R;720575940616954297;R182;V
200834.0,71279.0,3582.0;Tm9;R;720575940641625741;R183;D
198305.0,45466.0,4637.0;Tm9;R;720575940626254892;R184;D
200294.0,73712.0,3406.0;Tm9;R;720575940616301497;R185;V
197773.0,50730.0,4041.0;Tm9;R;720575940641374861;R186;D
203402.0,51718.0,4735.0;Tm9;R;720575940624613680;R187;D
207006.0,72878.0,4500.0;Tm9;R;720575940623629035;R188;D
195925.0,56928.0,3464.0;Tm9;R;720575940614207903;R189;D
209118.0,62436.0,5064.0;Tm9;R;720575940622466584;R190;D
183556.0,70668.0,2536.0;Tm9;R;720575940614212754;R191;V
198274.0,57580.0,3773.0;Tm9;R;720575940626010652;R192;D
208204.0,60350.0,5299.0;Tm9;R;720575940637631333;R193;D
201737.0,51749.0,4454.0;Tm9;R;720575940637942837;R194;D
191564.0,52956.0,3269.0;Tm9;R;720575940612399986;R195;D
190423.0,71325.0,2831.0;Tm9;R;720575940611758834;R196;V
198334.0,69955.0,3277.0;Tm9;R;720575940629202298;R197;D
190795.0,44737.0,3967.0;Tm9;R;720575940632747801;R198;D
198493.0,90178.0,4424.0;Tm9;R;720575940618727760;R199;V
192424.0,71931.0,2814.0;Tm9;R;720575940630811723;R200;V
196238.0,74526.0,3123.0;Tm9;R;720575940612487405;R201;V
191232.0,44218.0,4015.0;Tm9;R;720575940619959472;R202;D
193178.0,48440.0,3713.0;Tm9;R;720575940626912556;R203;D
187058.0,67469.0,2606.0;Tm9;R;720575940609437653;R204;D
188706.0,66462.0,2778.0;Tm9;R;720575940626674988;R205;D
204923.0,76937.0,4284.0;Tm9;R;720575940642701876;R206;V
203522.0,74522.0,4008.0;Tm9;R;720575940600084489;R207;V
206522.0,79007.0,4646.0;Tm9;R;720575940618439478;R208;V
200269.0,53805.0,4203.0;Tm9;R;720575940659599233;R209;D
189210.0,44362.0,3842.0;Tm9;R;720575940625006855;R210;D
188684.0,56242.0,2876.0;Tm9;R;720575940622927541;R211;D
189522.0,96280.0,4555.0;Tm9;R;720575940608117699;R212;V
182520.0,69619.0,2484.0;Tm9;R;720575940630930259;R213;V
203697.0,84153.0,5383.0;Tm9;R;720575940618751312;R214;V
194388.0,74638.0,3040.0;Tm9;R;720575940608800451;R215;V
189024.0,70042.0,2711.0;Tm9;R;720575940638698842;R216;V
189313.0,73632.0,2746.0;Tm9;R;720575940608058889;R217;V
201348.0,87798.0,5367.0;Tm9;R;720575940627055204;R218;V
199670.0,48430.0,4367.0;Tm9;R;720575940636348011;R219;D
198277.0,44744.0,4955.0;Tm9;R;720575940620641300;R220;D
191870.0,42308.0,4440.0;Tm9;R;720575940621332406;R221;D
194469.0,49643.0,3623.0;Tm9;R;720575940631873863;R222;D
192743.0,44838.0,4119.0;Tm9;R;720575940633303648;R223;D
176099, 91194, 3225;Tm9;R;720575940627272122;R224;V
198525.0,59808.0,3612.0;Tm9;R;720575940609620747;R225;D
177116.0,85247.0,2878.0;Tm9;R;720575940623374377;R226;V
176310.0,90741.0,3098.0;Tm9;R;720575940629865015;R227;V
181716.0,96438.0,4077.0;Tm9;R;720575940628713732;R228;V
187092.0,97108.0,4480.0;Tm9;R;720575940649782393;R229;V
181990.0,94494.0,3893.0;Tm9;R;720575940639690301;R230;V
175878.0,91722.0,3356.0;Tm9;R;720575940632323640;R231;V
177448.0,91598.0,3287.0;Tm9;R;720575940617043542;R232;V
178845.0,88964.0,3006.0;Tm9;R;720575940621398237;R233;V
187304.0,55141.0,2946.0;Tm9;R;720575940652191990;R234;D
191242.0,50160.0,3592.0;Tm9;R;720575940641730549;R235;D
178499.0,83782.0,2764.0;Tm9;R;720575940632526244;R236;V
177773.0,87163.0,2910.0;Tm9;R;720575940612551141;R237;V
200410.0,67630.0,3583.0;Tm9;R;720575940620550491;R238;D
187954.0,85396.0,3143.0;Tm9;R;720575940627300618;R239;V
181996.0,78131.0,2493.0;Tm9;R;720575940627335557;R240;V
185554.0,98151.0,4398.0;Tm9;R;720575940631295020;R241;V
197062.0,72504.0,3219.0;Tm9;R;720575940612646826;R242;V
192578.0,75601.0,2960.0;Tm9;R;720575940626401869;R243;V
183314.0,86332.0,2945.0;Tm9;R;720575940638641478;R244;V
183329.0,92817.0,3643.0;Tm9;R;720575940624500372;R245;V
178944.0,85238.0,2851.0;Tm9;R;720575940640311971;R246;V
182094.0,81522.0,2753.0;Tm9;R;720575940635098266;R247;V
180353.0,87839.0,2887.0;Tm9;R;720575940631940712;R248;V
193482.0,69803.0,2930.0;Tm9;R;720575940615974854;R249;D
194182.0,63720.0,3038.0;Tm9;R;720575940610307886;R250;D
197158.0,65828.0,3257.0;Tm9;R;720575940618689950;R251;D
196114.0,62553.0,3209.0;Tm9;R;720575940617727645;R252;D
185500.0,51496.0,3082.0;Tm9;R;720575940629148145;R253;D
188012.0,51491.0,3116.0;Tm9;R;720575940625355853;R254;D
187114.0,65484.0,2625.0;Tm9;R;720575940614270189;R255;D
178152.0,75364.0,2558.0;Tm9;R;720575940630438850;R256;V
191935.0,63884.0,2914.0;Tm9;R;720575940614323106;R257;D
181799.0,63094.0,2570.0;Tm9;R;720575940624407740;R258;D
186314.0,70126.0,2682.0;Tm9;R;720575940614233263;R259;V
200541.0,63062.0,3631.0;Tm9;R;720575940630638073;R260;D
186149.0,43366.0,4060.0;Tm9;R;720575940626113061;R261;D
185201.0,56953.0,2787.0;Tm9;R;720575940630610852;R262;D
187021.0,46892.0,3395.0;Tm9;R;720575940623285005;R263;D
203701, 50212, 5470;Tm9;R;720575940630474307;R264;D
203355.0,49661.0,5219.0;Tm9;R;720575940637867241;R265;D
199535.0,45394.0,5041.0;Tm9;R;720575940613445101;R266;D
198392.0,46518.0,4587.0;Tm9;R;720575940623771061;R267;D
190385.0,42196.0,4341.0;Tm9;R;720575940616813142;R268;D
177645.0,90208.0,3126.0;Tm9;R;720575940638900352;R269;V
197448.0,60352.0,3358.0;Tm9;R;720575940625942372;R270;D
196540.0,59144.0,3253.0;Tm9;R;720575940621687073;R271;D
178579.0,94572.0,3619.0;Tm9;R;720575940640543603;R272;V
180392.0,95783.0,4004.0;Tm9;R;720575940637894110;R273;V
177034.0,83478.0,2755.0;Tm9;R;720575940637324870;R274;V
178465.0,94555.0,3632.0;Tm9;R;720575940619730590;R275;V
182193.0,94072.0,3720.0;Tm9;R;720575940616575500;R276;V
179450.0,91622.0,3293.0;Tm9;R;720575940608677641;R277;V
183463.0,80201.0,2809.0;Tm9;R;720575940624783335;R278;V
195307.0,72124.0,2916.0;Tm9;R;720575940623338474;R279;V
177511.0,89592.0,3063.0;Tm9;R;720575940627756304;R280;V
176650.0,88636.0,2977.0;Tm9;R;720575940638773062;R281;V
192220.0,70406.0,2826.0;Tm9;R;720575940640967413;R282;V
178583.0,80880.0,2655.0;Tm9;R;720575940628793329;R283;V
182981.0,75928.0,2538.0;Tm9;R;720575940635742063;R284;V
188310.0,86120.0,3253.0;Tm9;R;720575940612371941;R285;V
185853.0,76820.0,2695.0;Tm9;R;720575940621858943;R286;V
189965.0,75364.0,2847.0;Tm9;R;720575940639983192;R287;V
184958.0,75747.0,2757.0;Tm9;R;720575940632200007;R288;V
189812.0,83728.0,3127.0;Tm9;R;720575940606996354;R289;V
184021.0,87038.0,3030.0;Tm9;R;720575940634723735;R290;V
182920.0,83909.0,2781.0;Tm9;R;720575940620570715;R291;V
200398.0,49890.0,4478.0;Tm9;R;720575940617991764;R292;D
200870.0,47533.0,4879.0;Tm9;R;720575940621012929;R293;D
195110.0,43728.0,4542.0;Tm9;R;720575940609254851;R294;D
202255.0,50710.0,4684.0;Tm9;R;720575940615655730;R295;D
196934.0,52789.0,3750.0;Tm9;R;720575940613881775;R296;D
192504.0,41704.0,4598.0;Tm9;R;720575940612563891;R297;D
197644.0,50892.0,4025.0;Tm9;R;720575940627687496;R298;D
179372.0,89850.0,3129.0;Tm9;R;720575940632179783;R299;V
179778.0,94139.0,3755.0;Tm9;R;720575940638752838;R300;V
186245.0,74095.0,2643.0;Tm9;R;720575940608057353;R301;V
193683.0,43658.0,4354.0;Tm9;R;720575940630942551;R302;D
192233.0,43754.0,4207.0;Tm9;R;720575940628857387;R303;D
178580.0,94614.0,3789.0;Tm9;R;720575940614768179;R304;V
179675.0,92550.0,3424.0;Tm9;R;720575940639292479;R305;V
181734.0,93158.0,3634.0;Tm9;R;720575940607291314;R306;V
197719.0,67310.0,3253.0;Tm9;R;720575940604810208;R307;D
177672.0,76963.0,2564.0;Tm9;R;720575940622139844;R308;V
178168.0,93156.0,3459.0;Tm9;R;720575940611501154;R309;V
186856.0,77933.0,2699.0;Tm9;R;720575940617561017;R310;V
181938.0,86532.0,2837.0;Tm9;R;720575940611805845;R311;V
179120.0,90509.0,3138.0;Tm9;R;720575940621211584;R312;V
176482.0,86017.0,2849.0;Tm9;R;720575940645463406;R313;V
179556.0,81892.0,2722.0;Tm9;R;720575940608856533;R314;V
180196.0,70277.0,2431.0;Tm9;R;720575940628703079;R315;V
181059.0,80795.0,2661.0;Tm9;R;720575940634532247;R316;V
177368.0,79755.0,2611.0;Tm9;R;720575940617341657;R317;V
187411.0,79166.0,2764.0;Tm9;R;720575940616030770;R318;V
184579.0,78709.0,2697.0;Tm9;R;720575940610014674;R319;V
181644.0,85363.0,2880.0;Tm9;R;720575940638118975;R320;V
184628.0,82678.0,2874.0;Tm9;R;720575940622953485;R321;V
187143.0,90333.0,3538.0;Tm9;R;720575940636694117;R322;V
195794.0,69458.0,3050.0;Tm9;R;720575940626614202;R323;D
195809.0,67513.0,3032.0;Tm9;R;720575940628821520;R324;D
194920.0,45250.0,4197.0;Tm9;R;720575940631934039;R325;D
184434.0,52885.0,2970.0;Tm9;R;720575940618601729;R326;D
180052.0,79337.0,2622.0;Tm9;R;720575940615018146;R327;V
181976.0,96010.0,3998.0;Tm9;R;720575940631177231;R328;V
177350.0,92113.0,3322.0;Tm9;R;720575940639383349;R329;V
195995.0,64846.0,3189.0;Tm9;R;720575940625523856;R330;D
179122.0,85982.0,2870.0;Tm9;R;720575940620757231;R331;V
178901.0,78759.0,2613.0;Tm9;R;720575940630041615;R332;V
177171.0,81697.0,2679.0;Tm9;R;720575940632133516;R333;V
178474.0,77660.0,2570.0;Tm9;R;720575940634679191;R334;V
189100.0,91841.0,3842.0;Tm9;R;720575940627284666;R335;V
189885.0,79715.0,2881.0;Tm9;R;720575940618268061;R336;V
183812.0,81424.0,2820.0;Tm9;R;720575940627600271;R337;V
188978.0,76840.0,2799.0;Tm9;R;720575940630130176;R338;V
181250.0,84330.0,2797.0;Tm9;R;720575940626521820;R339;V
183725.0,93652.0,3639.0;Tm9;R;720575940632783673;R340;V
180809.0,83045.0,2760.0;Tm9;R;720575940616141785;R341;V
190727.0,72848.0,2899.0;Tm9;R;720575940632685516;R342;V
182964.0,79357.0,2772.0;Tm9;R;720575940632118668;R343;V
193218.0,67037.0,2889.0;Tm9;R;720575940622802695;R344;D
195597.0,59744.0,3252.0;Tm9;R;720575940610985058;R345;D
183702.0,50310.0,3070.0;Tm9;R;720575940631014487;R346;D
186181.0,50722.0,3198.0;Tm9;R;720575940620053707;R347;D
186848.0,62092.0,2700.0;Tm9;R;720575940620017573;R348;D
185433.0,66413.0,2490.0;Tm9;R;720575940619717872;R349;D
188395.0,69192.0,2604.0;Tm9;R;720575940616595515;R350;V
187950.0,64073.0,2831.0;Tm9;R;720575940632014673;R351;D
189752.0,68688.0,2752.0;Tm9;R;720575940625903678;R352;D
204327.0,73249.0,4103.0;Tm9;R;720575940629309339;R353;V
200550.0,64844.0,3576.0;Tm9;R;720575940620556225;R354;D
190614.0,80867.0,3065.0;Tm9;R;720575940620285861;R355;V
195638.0,77364.0,3131.0;Tm9;R;720575940615681804;R356;V
185918.0,93976.0,3906.0;Tm9;R;720575940624735207;R357;V
183539.0,95378.0,3930.0;Tm9;R;720575940604668094;R358;V
189456.0,41591.0,4405.0;Tm9;R;720575940655683489;R359;D
193832.0,53198.0,3383.0;Tm9;R;720575940640670928;R360;D
195234.0,81963.0,3360.0;Tm9;R;720575940621899269;R361;V
191864.0,78635.0,2954.0;Tm9;R;720575940629678718;R362;V
194080.0,78386.0,3081.0;Tm9;R;720575940615463327;R363;V
188777.0,81761.0,2984.0;Tm9;R;720575940607889609;R364;V
182465.0,87797.0,3051.0;Tm9;R;720575940620433345;R365;V
186236.0,87032.0,3057.0;Tm9;R;720575940618082077;R366;V
185569.0,86052.0,3077.0;Tm9;R;720575940627807877;R367;V
181906.0,92496.0,3425.0;Tm9;R;720575940620002068;R368;V
192547.0,87200.0,3543.0;Tm9;R;720575940626804825;R369;V
185226.0,91614.0,3527.0;Tm9;R;720575940610726776;R370;V
186714.0,89557.0,3362.0;Tm9;R;720575940626564964;R371;V
191872.0,85190.0,3389.0;Tm9;R;720575940631381975;R372;V
193779.0,50844.0,3529.0;Tm9;R;720575940637854015;R373;D
194272.0,58810.0,3229.0;Tm9;R;720575940623070051;R374;D
188870.0,89883.0,3638.0;Tm9;R;720575940617143611;R375;V
183394.0,91274.0,3380.0;Tm9;R;720575940620577518;R376;V
185084.0,89740.0,3366.0;Tm9;R;720575940609981123;R377;V
196053.0,57675.0,3402.0;Tm9;R;720575940629989635;R378;D
187622.0,57538.0,2931.0;Tm9;R;720575940652963830;R379;D
196232.0,54399.0,3557.0;Tm9;R;720575940636491877;R380;D
196694.0,76010.0,3321.0;Tm9;R;720575940631225943;R381;V
198520.0,71298.0,3347.0;Tm9;R;720575940621069812;R382;D
188820.0,41789.0,4301.0;Tm9;R;720575940638766720;R383;D
197018.0,49340.0,4113.0;Tm9;R;720575940618287064;R384;D
186590.0,88650.0,3247.0;Tm9;R;720575940610797010;R385;V
184490.0,94587.0,3914.0;Tm9;R;720575940622505332;R386;V
182802.0,96395.0,4191.0;Tm9;R;720575940618568768;R387;V
187508.0,52488.0,3099.0;Tm9;R;720575940634783898;R388;D
183978.0,55538.0,2840.0;Tm9;R;720575940640962805;R389;D
196328.0,49512.0,3982.0;Tm9;R;720575940638007642;R390;D
183604.0,60305.0,2635.0;Tm9;R;720575940639382131;R391;D
197051.0,70809.0,3013.0;Tm9;R;720575940629831806;R392;D
190959.0,59306.0,2976.0;Tm9;R;720575940629851514;R393;D
191013.0,81908.0,3144.0;Tm9;R;720575940614599318;R394;V
187210.0,91215.0,3508.0;Tm9;R;720575940619812555;R395;V
187157.0,92518.0,3624.0;Tm9;R;720575940635762842;R396;V
193468.0,82618.0,3255.0;Tm9;R;720575940660103553;R397;V
185392.0,84443.0,2927.0;Tm9;R;720575940615494303;R398;V
182864.0,89248.0,3223.0;Tm9;R;720575940625443315;R399;V
185188.0,95433.0,4074.0;Tm9;R;720575940639136701;R400;V
185805.0,92999.0,3729.0;Tm9;R;720575940636288887;R401;V
190681.0,88720.0,3568.0;Tm9;R;720575940639142589;R402;V
182854.0,88412.0,3033.0;Tm9;R;720575940617315033;R403;V
184726.0,88161.0,3180.0;Tm9;R;720575940622056572;R404;V
183390.0,90156.0,3278.0;Tm9;R;720575940626223716;R405;V
198724.0,53280.0,3927.0;Tm9;R;720575940647564932;R406;D
188142.0,59575.0,2874.0;Tm9;R;720575940605444966;R407;D
195324.0,44263.0,4480.0;Tm9;R;720575940626578965;R408;D
178866.0,70019.0,2466.0;Tm9;R;720575940636216553;R409;V
191861.0,58632.0,2987.0;Tm9;R;720575940638769990;R410;D
189091.0,47151.0,3519.0;Tm9;R;720575940630712151;R411;D
183417.0,63656.0,2584.0;Tm9;R;720575940645275939;R412;D
186174.0,63279.0,2648.0;Tm9;R;720575940617597597;R413;D
191031.0,64400.0,2818.0;Tm9;R;720575940631531562;R414;D
194754, 41673, 4910;Tm9;R;720575940616384742;R415;D
195698.0,43173.0,4705.0;Tm9;R;720575940613374873;R416;D
186895.0,49486.0,3179.0;Tm9;R;720575940627458618;R417;D
188072.0,45717.0,3643.0;Tm9;R;720575940629846784;R418;D
196645, 42544, 4958;Tm9;R;720575940628740039;R419;D
190136.0,45290.0,3824.0;Tm9;R;720575940625188042;R420;D
194824.0,45859.0,4119.0;Tm9;R;720575940653151649;R421;D
195341.0,82493.0,3486.0;Tm9;R;720575940614110673;R422;V
188949.0,50147.0,3353.0;Tm9;R;720575940627300485;R423;D
192978.0,81368.0,3172.0;Tm9;R;720575940629856471;R424;V
186161.0,44559.0,3709.0;Tm9;R;720575940630086188;R425;D
186370.0,82382.0,2949.0;Tm9;R;720575940606796489;R426;V
183412.0,85169.0,3023.0;Tm9;R;720575940630241239;R427;V
181552.0,91598.0,3256.0;Tm9;R;720575940634424056;R428;V
181578.0,90454.0,3257.0;Tm9;R;720575940636607716;R429;V
190658.0,90888.0,3824.0;Tm9;R;720575940621703920;R430;V
188304.0,88317.0,3329.0;Tm9;R;720575940630679670;R431;V
190853.0,89874.0,3672.0;Tm9;R;720575940630925686;R432;V
191922.0,84505.0,3218.0;Tm9;R;720575940643778208;R433;V
187730.0,94434.0,3834.0;Tm9;R;720575940609853963;R434;V
179758.0,93884.0,3720.0;Tm9;R;720575940631997752;R435;V
183917.0,45970.0,3472.0;Tm9;R;720575940618782797;R436;D
193903.0,56848.0,3274.0;Tm9;R;720575940647437108;R437;D
185274.0,49150.0,3139.0;Tm9;R;720575940616191572;R438;D
199353.0,54349.0,3972.0;Tm9;R;720575940620810406;R439;D
186217.0,53704.0,2986.0;Tm9;R;720575940625959610;R440;D
196384.0,52114.0,3986.0;Tm9;R;720575940635391480;R441;D
183653.0,51304.0,3079.0;Tm9;R;720575940621682017;R442;D
179816.0,72896.0,2474.0;Tm9;R;720575940659627137;R443;V
179729.0,75900.0,2552.0;Tm9;R;720575940611350882;R444;V
183302.0,48651.0,3227.0;Tm9;R;720575940621485739;R445;D
188088.0,43360.0,4012.0;Tm9;R;720575940605017260;R446;D
194326.0,46261.0,3985.0;Tm9;R;720575940613033907;R447;D
189943.0,49112.0,3442.0;Tm9;R;720575940625756208;R448;D
186048.0,45661.0,3593.0;Tm9;R;720575940625266616;R449;D
190519.0,48225.0,3566.0;Tm9;R;720575940614848658;R450;D
197209.0,68365.0,3211.0;Tm9;R;720575940620229467;R451;D
189686.0,62980.0,2851.0;Tm9;R;720575940625164076;R452;D
188252.0,54506.0,2962.0;Tm9;R;720575940633810367;R453;D
193908.0,42228.0,4708.0;Tm9;R;720575940624565296;R454;D
190000.0,42686.0,4390.0;Tm9;R;720575940622104745;R455;D
185995.0,48231.0,3355.0;Tm9;R;720575940615972294;R456;D
190888.0,53833.0,3174.0;Tm9;R;720575940615901115;R457;D
186875.0,92723.0,3793.0;Tm9;R;720575940604872416;R458;V
196633.0,79420.0,3374.0;Tm9;R;720575940612908054;R459;V
190704.0,50959.0,3266.0;Tm9;R;720575940621810949;R460;D
185884.0,80745.0,2772.0;Tm9;R;720575940632250439;R461;V
185264.0,83837.0,2947.0;Tm9;R;720575940624063669;R462;V
187712.0,83174.0,2989.0;Tm9;R;720575940619815559;R463;V
181080.0,89664.0,3067.0;Tm9;R;720575940636791386;R464;V
185536.0,92592.0,3665.0;Tm9;R;720575940632810797;R465;V
190418.0,87854.0,3478.0;Tm9;R;720575940623045133;R466;V
186352.0,87825.0,3260.0;Tm9;R;720575940646763316;R467;V
185349.0,90897.0,3523.0;Tm9;R;720575940620955201;R468;V
189470.0,91094.0,3674.0;Tm9;R;720575940622375894;R469;V
186801.0,94934.0,4058.0;Tm9;R;720575940624636647;R470;V
191902.0,46612.0,3749.0;Tm9;R;720575940623180799;R471;D
180604.0,66370.0,2512.0;Tm9;R;720575940614317499;R472;D
183908.0,47630.0,3288.0;Tm9;R;720575940626258874;R473;D
178623.0,72574.0,2464.0;Tm9;R;720575940612424470;R474;V
195514.0,51736.0,3750.0;Tm9;R;720575940628279292;R475;D
180858.0,74359.0,2559.0;Tm9;R;720575940619813217;R476;V
187806.0,42418.0,4153.0;Tm9;R;720575940629860664;R477;D
197126.0,48178.0,4277.0;Tm9;R;720575940637539806;R478;D
191009.0,61984.0,2893.0;Tm9;R;720575940643781320;R479;D
183924.0,73604.0,2566.0;Tm9;R;720575940617372673;R480;V
186470.0,58642.0,2835.0;Tm9;R;720575940638607167;R481;D
198205, 44138, 5245;Tm9;R;720575940626660298;R482;D
193765.0,42718.0,4531.0;Tm9;R;720575940630425564;R483;D
189717.0,60258.0,3017.0;Tm9;R;720575940624791596;R484;D
188594.0,45121.0,3711.0;Tm9;R;720575940631729987;R485;D
192921.0,41773.0,4680.0;Tm9;R;720575940624558087;R486;D
187998.0,48423.0,3292.0;Tm9;R;720575940619852397;R487;D
189342.0,54804.0,3037.0;Tm9;R;720575940627084332;R488;D
185785.0,56394.0,2829.0;Tm9;R;720575940629424254;R489;D
179500.0,92915.0,3593.0;Tm9;R;720575940620016464;R490;V
198155.0,53875.0,3851.0;Tm9;R;720575940634202780;R491;D
197223.0,55197.0,3726.0;Tm9;R;720575940628430065;R492;D
177975.0,74384.0,2495.0;Tm9;R;720575940639951182;R493;V
192455.0,45617.0,3977.0;Tm9;R;720575940623580659;R494;D
186126.0,61014.0,2725.0;Tm9;R;720575940625529232;R495;D
185446.0,46669.0,3473.0;Tm9;R;720575940623610867;R496;D
196941.0,43747.0,4885.0;Tm9;R;720575940617906589;R497;D
181139.0,68379.0,2466.0;Tm9;R;720575940646290228;R498;V
180192.0,68843.0,2400.0;Tm9;R;720575940659658113;R499;V
199135.0,61916.0,3393.0;Tm9;R;720575940626440492;R500;D
183454.0,58445.0,2720.0;Tm9;R;720575940629531002;R501;D
186921.0,43172.0,4047.0;Tm9;R;720575940637461934;R502;D
200797, 45907, 5380;Tm9;R;720575940616321602;R503;D
189702.0,58572.0,2899.0;Tm9;R;720575940629083215;R504;D
192692.0,52380.0,3301.0;Tm9;R;720575940628945640;R505;D
185526.0,59459.0,2681.0;Tm9;R;720575940635241908;R506;D
194806.0,52540.0,3573.0;Tm9;R;720575940626292226;R507;D
198237.0,44169.0,4995.0;Tm9;R;720575940612568499;R508;D
184748.0,45065.0,3692.0;Tm9;R;720575940612556401;R509;D
193489.0,94522.0,4953.0;Tm9;R;720575940614705319;R510;V
189025.0,96585.0,4909.0;Tm9;R;720575940634071659;R511;V
208476.0,72377.0,4750.0;Tm9;R;720575940623444723;R512;D
191438.0,95324.0,5059.0;Tm9;R;720575940616246228;R513;V
196596.0,92667.0,5058.0;Tm9;R;720575940635924190;R514;V
205428.0,82957.0,4922.0;Tm9;R;720575940611645486;R515;V
199760.0,51527.0,4282.0;Tm9;R;720575940626345772;R516;D
207646.0,73537.0,4683.0;Tm9;R;720575940628564042;R517;D
203609.0,50013.0,5081.0;Tm9;R;720575940614873775;R518;D
200786.0,64358.0,3593.0;Tm9;R;720575940610254275;R519;D
206474.0,54586.0,5064.0;Tm9;R;720575940623166669;R520;D
207100.0,56524.0,5449.0;Tm9;R;720575940630779919;R521;D
208095.0,56339.0,5514.0;Tm9;R;720575940635089515;R522;D
202008.0,48864.0,4876.0;Tm9;R;720575940626549020;R523;D
204670.0,65116.0,4181.0;Tm9;R;720575940620452544;R524;D
208314.0,75258.0,5271.0;Tm9;R;720575940624013749;R525;V
201940.0,73608.0,3703.0;Tm9;R;720575940617188923;R526;V
202936.0,52713.0,4611.0;Tm9;R;720575940630702188;R527;D
201094.0,88534.0,4795.0;Tm9;R;720575940633825505;R528;V
206222.0,55781.0,4960.0;Tm9;R;720575940617507001;R529;D
194345.0,94235.0,4901.0;Tm9;R;720575940631087311;R530;V
202518.0,87336.0,5237.0;Tm9;R;720575940612911283;R531;V
206826.0,74630.0,4459.0;Tm9;R;720575940648050553;R532;V
207525.0,72041.0,4689.0;Tm9;R;720575940630537078;R533;D
198953.0,91475.0,5028.0;Tm9;R;720575940616417653;R534;V
203771.0,58347.0,4349.0;Tm9;R;720575940635525215;R535;D
202088.0,49659.0,4670.0;Tm9;R;720575940623573292;R536;D
207580.0,71288.0,4712.0;Tm9;R;720575940617854420;R537;D
203841.0,53130.0,4723.0;Tm9;R;720575940620425808;R538;D
204372.0,51761.0,4986.0;Tm9;R;720575940630497986;R539;D
207582.0,57003.0,5296.0;Tm9;R;720575940625950245;R540;D
204026.0,57405.0,4359.0;Tm9;R;720575940617414585;R541;D
208293.0,63413.0,4900.0;Tm9;R;720575940625679596;R542;D
200922.0,52876.0,4260.0;Tm9;R;720575940632532536;R543;D
208634.0,65622.0,5542.0;Tm9;R;720575940625298064;R544;D
201990, 47596, 5317;Tm9;R;720575940646766883;R545;D
206118.0,81472.0,4922.0;Tm9;R;720575940624427498;R546;V
199766.0,45816.0,4983.0;Tm9;R;720575940623115213;R547;D
201091.0,47044.0,4938.0;Tm9;R;720575940621952392;R548;D
200826.0,89076.0,5169.0;Tm9;R;720575940620470187;R549;V
205408.0,53180.0,5087.0;Tm9;R;720575940622028528;R550;D
200465.0,89557.0,4841.0;Tm9;R;720575940623320873;R551;V
207723.0,58333.0,5449.0;Tm9;R;720575940633908194;R552;D
198243.0,81110.0,3569.0;Tm9;R;720575940610477688;R553;V
206252.0,53635.0,5335.0;Tm9;R;720575940623045512;R554;D
206892.0,57067.0,5549.0;Tm9;R;720575940625744944;R555;D
207617.0,57832.0,5550.0;Tm9;R;720575940623720842;R556;D
207270.0,68971.0,4420.0;Tm9;R;720575940638409700;R557;D
208221.0,61380.0,4953.0;Tm9;R;720575940608543580;R558;D
208048.0,76587.0,4964.0;Tm9;R;720575940625762708;R559;V
204232.0,62998.0,4213.0;Tm9;R;720575940624348100;R560;D
188150.0,97300.0,4746.0;Tm9;R;720575940634593436;R561;V
192857.0,95078.0,4876.0;Tm9;R;720575940612546766;R562;V
191314.0,95386.0,4609.0;Tm9;R;720575940627787780;R563;V
190462.0,95393.0,4380.0;Tm9;R;720575940635394972;R564;V
206612.0,71396.0,4418.0;Tm9;R;720575940636669582;R565;D
206676.0,80340.0,4794.0;Tm9;R;720575940623803114;R566;V
205690.0,70050.0,4197.0;Tm9;R;720575940633538771;R567;D
199716.0,47344.0,4622.0;Tm9;R;720575940621776664;R568;D
205111.0,61784.0,4354.0;Tm9;R;720575940620083280;R569;D
205426.0,54437.0,4960.0;Tm9;R;720575940617251387;R570;D
206850.0,57542.0,4928.0;Tm9;R;720575940618170653;R571;D
207954.0,60094.0,5432.0;Tm9;R;720575940630386679;R572;D
206511.0,63095.0,4598.0;Tm9;R;720575940632645401;R573;D
206621.0,58833.0,4782.0;Tm9;R;720575940627513105;R574;D
205036, 53138, 5588;Tm9;R;720575940610760312;R575;D
209136.0,65071.0,4986.0;Tm9;R;720575940617618971;R576;D
198446.0,49482.0,4370.0;Tm9;R;720575940614704290;R577;D
201108.0,72746.0,3648.0;Tm9;R;720575940617634772;R578;V
204147.0,50636.0,5244.0;Tm9;R;720575940623176233;R579;D
204566.0,51272.0,5058.0;Tm9;R;720575940629612158;R580;D
196505.0,91531.0,4392.0;Tm9;R;720575940605191340;R581;V
188167.0,96750.0,4477.0;Tm9;R;720575940626710799;R582;V
206572.0,56826.0,4977.0;Tm9;R;720575940630862799;R583;D
204617.0,55155.0,4663.0;Tm9;R;720575940635034719;R584;D
203184.0,54436.0,4457.0;Tm9;R;720575940614703522;R585;D
190148.0,92975.0,3971.0;Tm9;R;720575940624548332;R586;V
193768.0,92624.0,4268.0;Tm9;R;720575940619831499;R587;V
206550.0,67627.0,4174.0;Tm9;R;720575940626923070;R588;D
207358.0,60314.0,4784.0;Tm9;R;720575940626036922;R589;D
201861.0,54672.0,4284.0;Tm9;R;720575940632870701;R590;D
190592.0,96399.0,4945.0;Tm9;R;720575940624794888;R591;V
198847.0,91066.0,4864.0;Tm9;R;720575940630818422;R592;V
192788.0,95068.0,4745.0;Tm9;R;720575940619677166;R593;V
207833.0,65477.0,4616.0;Tm9;R;720575940624161975;R594;D
206089.0,61186.0,4481.0;Tm9;R;720575940624240580;R595;D
205736.0,66977.0,4228.0;Tm9;R;720575940622899745;R596;D
198175.0,47222.0,4404.0;Tm9;R;720575940625797936;R597;D
200711, 45631, 5182;Tm9;R;720575940605776672;R598;D
205014.0,56220.0,4652.0;Tm9;R;720575940616025542;R599;D
207047.0,55668.0,5242.0;Tm9;R;720575940618549061;R600;D
198993.0,52317.0,4095.0;Tm9;R;720575940623442824;R601;D
207850.0,59065.0,5009.0;Tm9;R;720575940627990020;R602;D
200204.0,50401.0,4397.0;Tm9;R;720575940623897066;R603;D
209616.0,65373.0,5178.0;Tm9;R;720575940619989383;R604;D
199820.0,46388.0,4817.0;Tm9;R;720575940621054324;R605;D
202310.0,53723.0,4417.0;Tm9;R;720575940640252800;R606;D
205220.0,78243.0,4387.0;Tm9;R;720575940639766606;R607;V
205954.0,56522.0,4839.0;Tm9;R;720575940628445425;R608;D
200270.0,89858.0,5084.0;Tm9;R;720575940615234015;R609;V
197146.0,87924.0,4125.0;Tm9;R;720575940632565075;R610;V
196691.0,82075.0,3572.0;Tm9;R;720575940626471196;R611;V
208695.0,60019.0,5103.0;Tm9;R;720575940612125914;R612;D
206230.0,55242.0,5445.0;Tm9;R;720575940605922993;R613;D
206235.0,54812.0,5508.0;Tm9;R;720575940628437736;R614;D
203704.0,79534.0,4247.0;Tm9;R;720575940626344510;R615;V
208856.0,65888.0,4860.0;Tm9;R;720575940627658259;R616;D
199622.0,79726.0,3682.0;Tm9;R;720575940635000767;R617;V
196741.0,91341.0,5260.0;Tm9;R;720575940607251292;R618;V
203071.0,68966.0,3883.0;Tm9;R;720575940633243949;R619;D
208756.0,76270.0,5103.0;Tm9;R;720575940623069208;R620;V
193982.0,88965.0,3937.0;Tm9;R;720575940617931604;R621;V
200799.0,76336.0,3626.0;Tm9;R;720575940616487099;R622;V
196567.0,80576.0,3462.0;Tm9;R;720575940609936139;R623;V
204140.0,54091.0,4692.0;Tm9;R;720575940609274563;R624;D
194482.0,87984.0,3746.0;Tm9;R;720575940622773375;R625;V
193847.0,91414.0,3993.0;Tm9;R;720575940605783584;R626;V
201778.0,85174.0,4357.0;Tm9;R;720575940625142525;R627;V
200078.0,85256.0,4225.0;Tm9;R;720575940608683017;R628;V
207914.0,59839.0,5567.0;Tm9;R;720575940617040245;R629;D
205734.0,53792.0,5450.0;Tm9;R;720575940621678463;R630;D
207126.0,61228.0,4707.0;Tm9;R;720575940623245053;R631;D
206720.0,81311.0,5090.0;Tm9;R;720575940616958347;R632;V
190586.0,91676.0,3913.0;Tm9;R;720575940617195579;R633;V
208206.0,64490.0,5338.0;Tm9;R;720575940625477507;R634;D
203156.0,83338.0,4403.0;Tm9;R;720575940620974171;R635;V
204508.0,75101.0,4203.0;Tm9;R;720575940625520442;R636;V
197348.0,89702.0,4187.0;Tm9;R;720575940645130775;R637;V
201180.0,86298.0,4389.0;Tm9;R;720575940623588109;R638;V
208497.0,72509.0,5292.0;Tm9;R;720575940623472068;R639;D
191964.0,92492.0,4163.0;Tm9;R;720575940644891927;R640;V
198933.0,87582.0,4274.0;Tm9;R;720575940627437327;R641;V
205585.0,65726.0,4330.0;Tm9;R;720575940614972839;R642;D
202544.0,79963.0,4144.0;Tm9;R;720575940638314330;R643;V
198185.0,88939.0,4313.0;Tm9;R;720575940632920621;R644;V
204640.0,83699.0,4787.0;Tm9;R;720575940618294557;R645;V
199098.0,76100.0,3493.0;Tm9;R;720575940638249791;R646;V
192399.0,90758.0,3881.0;Tm9;R;720575940612881381;R647;V
199504.0,82365.0,3684.0;Tm9;R;720575940635266411;R648;V
205630.0,63774.0,4340.0;Tm9;R;720575940621336173;R649;D
197249.0,90177.0,5349.0;Tm9;R;720575940613268915;R650;V
207298.0,76844.0,5405.0;Tm9;R;720575940609255875;R651;V
195128.0,92998.0,5231.0;Tm9;R;720575940631616975;R652;V
206130.0,79628.0,5430.0;Tm9;R;720575940629591930;R653;V
207776.0,70599.0,5562.0;Tm9;R;720575940634829463;R654;D
198957.0,91006.0,5225.0;Tm9;R;720575940612198835;R655;V
202301.0,76923.0,3924.0;Tm9;R;720575940643866528;R656;V
203849.0,77748.0,4125.0;Tm9;R;720575940638584372;R657;V
198026.0,78338.0,3429.0;Tm9;R;720575940632411410;R658;V
198862.0,83406.0,3755.0;Tm9;R;720575940629904939;R659;V
199030.0,85124.0,4008.0;Tm9;R;720575940626098725;R660;V
207666.0,79064.0,5190.0;Tm9;R;720575940641389275;R661;V
201480.0,69194.0,3555.0;Tm9;R;720575940611600298;R662;D
188676.0,92952.0,3988.0;Tm9;R;720575940624154355;R663;V
205242.0,59576.0,4361.0;Tm9;R;720575940614168291;R664;D
197716.0,84900.0,3738.0;Tm9;R;720575940620413376;R665;V
201932.0,75294.0,3759.0;Tm9;R;720575940613140442;R666;V
202355.0,87018.0,4788.0;Tm9;R;720575940618377029;R667;V
188821.0,94005.0,4128.0;Tm9;R;720575940635672500;R668;V
204632.0,84646.0,5031.0;Tm9;R;720575940622030106;R669;V
201686.0,87946.0,4490.0;Tm9;R;720575940628133864;R670;V
195961, 86765, 3737;Tm9;R;720575940634615959;R671;V
200342.0,81659.0,3850.0;Tm9;R;720575940612989297;R672;V
204272.0,83839.0,5408.0;Tm9;R;720575940637127053;R673;V
208588.0,64033.0,5463.0;Tm9;R;720575940617614809;R674;D
195436.0,94218.0,4901.0;Tm9;R;720575940612048753;R675;V
202775.0,68204.0,3849.0;Tm9;R;720575940615329602;R676;D
205524.0,74497.0,4320.0;Tm9;R;720575940607121794;R677;V
192169.0,91556.0,4039.0;Tm9;R;720575940631817539;R678;V
200328.0,83070.0,3983.0;Tm9;R;720575940622388458;R679;V
202690.0,71473.0,3682.0;Tm9;R;720575940639565475;R680;D
208438.0,77698.0,4972.0;Tm9;R;720575940622223273;R681;V
194586.0,94074.0,5077.0;Tm9;R;720575940626001296;R682;V
199570.0,89544.0,5352.0;Tm9;R;720575940626039315;R683;V
198098.0,79986.0,3542.0;Tm9;R;720575940615440543;R684;V
190382.0,93909.0,4069.0;Tm9;R;720575940635068441;R685;V
197678.0,85716.0,3932.0;Tm9;R;720575940602880736;R686;V
201440.0,87488.0,5445.0;Tm9;R;720575940612861462;R687;V
208355.0,69244.0,5605.0;Tm9;R;720575940620517312;R688;D
189412.0,43538.0,4101.0;Tm9;R;720575940615223199;R689;D
193664.0,87992.0,4337.0;Tm9;R;720575940627331514;R690;V
204691.0,52034.0,5336.0;Tm9;R;720575940620627538;R691;D
196989.0,61451.0,3374.0;Tm9;R;720575940626434348;R692;D
208939.0,72250.0,5124.0;Tm9;R;720575940631049291;R693;D
194531.0,86865.0,3698.0;Tm9;R;720575940647336068;R694;V
203102.0,55744.0,4371.0;Tm9;R;720575940633455052;R695;D
180784.0,96416.0,4089.0;Tm9;R;720575940628270217;R696;V
207715.0,68576.0,4593.0;Tm9;R;720575940624344516;R697;D
206307.0,59842.0,4666.0;Tm9;R;720575940622001833;R698;D
196447.0,91556.0,5366.0;Tm9;R;720575940622687751;R699;V
202699.0,72970.0,3875.0;Tm9;R;720575940618883032;R700;V
186278.0,98607.0,4498.0;Tm9;R;720575940622926853;R701;V
193544.0,64810.0,2915.0;Tm9;R;720575940613618216;R702;D
201986.0,48393.0,5056.0;Tm9;R;720575940634666847;R703;D
207566.0,73813.0,5587.0;Tm9;R;720575940617322101;R704;D
209394.0,70072.0,5081.0;Tm9;R;720575940642562267;R705;D
207905.0,57778.0,5203.0;Tm9;R;720575940627175671;R706;D
208167.0,70152.0,5513.0;Tm9;R;720575940635061695;R707;D
205108.0,81218.0,5539.0;Tm9;R;720575940630462684;R708;V
202258, 48198, 5424;Tm9;R;720575940635388607;R709;D
202287.0,85955.0,5466.0;Tm9;R;720575940637504653;R710;V
206680.0,77896.0,5528.0;Tm9;R;720575940639898420;R711;V
184734.0,88934.0,3280.0;Tm9;R;720575940630982711;R712;V
192665.0,45342.0,3957.0;Tm9;R;720575940626245676;R713;D
204377.0,83265.0,5541.0;Tm9;R;720575940629639674;R714;V
207540.0,74257.0,5406.0;Tm9;R;720575940617488541;R715;D
188122.0,97052.0,4865.0;Tm9;R;720575940614473011;R716;V
176328.0,87760.0,2930.0;Tm9;R;720575940612568549;R717;V
203095, 49093, 5361;Tm9;R;720575940620597586;R718;D
206756.0,79958.0,4956.0;Tm9;R;720575940608690443;R719;V
209216.0,62700.0,5202.0;Tm9;R;720575940622440150;R720;D
197119.0,44590.0,4713.0;Tm9;R;720575940620814356;R721;D
196682.0,45399.0,4506.0;Tm9;R;720575940626242348;R722;D
192462.0,49237.0,3604.0;Tm9;R;720575940626884652;R723;D
205246.0,81230.0,5435.0;Tm9;R;720575940617452774;R724;V
185026.0,96421.0,4240.0;Tm9;R;720575940615680874;R725;V
182354.0,66457.0,2530.0;Tm9;R;720575940612645234;R726;D
205699.0,57850.0,4581.0;Tm9;R;720575940629010947;R727;D
190749.0,95812.0,4786.0;Tm9;R;720575940629799362;R728;V
187229.0,43366.0,3941.0;Tm9;R;720575940633682574;R729;D
192304.0,40917.0,4584.0;Tm9;R;720575940624614704;R730;D
199956.0,88685.0,5427.0;Tm9;R;720575940621429620;R731;V
208651.0,66639.0,5458.0;Tm9;R;720575940621218324;R732;D
191416.0,82988.0,3313.0;Tm9;R;720575940617451409;R733;V
207207.0,75889.0,5550.0;Tm9;R;720575940606095550;R734;V
200781.0,48296.0,4717.0;Tm9;R;720575940629892663;R735;D
204426.0,67258.0,4097.0;Tm9;R;720575940618614969;R736;D
189346.0,46885.0,3705.0;Tm9;R;720575940618034747;R737;D
206308.0,64820.0,4291.0;Tm9;R;720575940629624817;R738;D
203352.0,65173.0,3979.0;Tm9;R;720575940639232575;R739;D
202486.0,64531.0,3851.0;Tm9;R;720575940624401546;R740;D
200206.0,61067.0,3639.0;Tm9;R;720575940646534254;R741;D
198513.0,56314.0,3719.0;Tm9;R;720575940617293451;R742;D
201849.0,65892.0,3803.0;Tm9;R;720575940617141004;R743;D
202603.0,63197.0,3733.0;Tm9;R;720575940627175012;R744;D
208852.0,64628.0,4757.0;Tm9;R;720575940636902767;R745;D
199889.0,57676.0,3810.0;Tm9;R;720575940627291578;R746;D
209864.0,70658.0,4565.0;Tm9;R;720575940609958411;R747;D
177141.0,78601.0,2572.0;Tm9;R;720575940618837332;R748;V
206498.0,61804.0,4566.0;Tm9;R;720575940613338341;R749;D
207490.0,70260.0,5466.0;Tm9;R;720575940635847578;R750;D
209541.0,68706.0,5261.0;Tm9;R;720575940635495264;R751;D
203948.0,63772.0,4073.0;Tm9;R;720575940613052330;R752;D
195440.0,47834.0,4043.0;Tm9;R;720575940612259221;R753;D
209080.0,68578.0,4957.0;Tm9;R;720575940632147407;R754;D
199743, 58978, 3704;Tm9;R;720575940631182592;R755;D
183589.0,54129.0,2882.0;Tm9;R;720575940633050303;R756;D
202184, 49098, 5474;Tm9;R;720575940616812315;R757;D
207059.0,66986.0,4424.0;Tm9;R;720575940612052578;R758;D
205370.0,68580.0,4174.0;Tm9;R;720575940624394634;R759;D
209045.0,69892.0,4878.0;Tm9;R;720575940614575341;R760;D
209425.0,67817.0,4920.0;Tm9;R;720575940630755706;R761;D
200942.0,62152.0,3685.0;Tm9;R;720575940623610492;R762;D
202779.0,62298.0,4000.0;Tm9;R;720575940644842656;R763;D
203351.0,50963.0,4752.0;Tm9;R;720575940621167495;R764;D
209706.0,66166.0,5096.0;Tm9;R;720575940622273206;R765;D
208506.0,62234.0,5364.0;Tm9;R;720575940618836737;R766;D
186088.0,97708.0,4684.0;Tm9;R;720575940627437443;R767;V
204664, 51505, 5546;Tm9;R;720575940631341100;R768;D
208751.0,67556.0,5112.0;Tm9;R;720575940628746664;R769;D
184693.0,97564.0,4614.0;Tm9;R;720575940638219120;R770;V
208498.0,67219.0,4732.0;Tm9;R;720575940619127124;R771;D
207494.0,71591.0,5450.0;Tm9;R;720575940638124265;R772;D
193400.0,93871.0,5223.0;Tm9;R;720575940634654945;R773;V
207070.0,70683.0,4462.0;Tm9;R;720575940632399119;R774;D
207069.0,64716.0,4511.0;Tm9;R;720575940619126868;R775;D
;Tm9;R;720575940614403043;R776;D
207530.0,62437.0,4707.0;Tm9;R;720575940618919837;R777;D
203168.0,59249.0,4187.0;Tm9;R;720575940619127892;R778;D
201178.0,59658.0,3840.0;Tm9;R;720575940610279893;R779;D
200969.0,66360.0,3604.0;Tm9;R;720575940615083048;R780;D
199537, 45036, 5238;Tm9;R;720575940629702699;R781;D
180254.0,95176.0,4515.0;Tm9;R;720575940618266683;R782;V
183491.0,96926.0,4288.0;Tm9;R;720575940616973836;R783;V
208952.0,68092.0,4807.0;Tm9;R;720575940615231697;R784;D
;Tm9;R;720575940619128148;R785;D
208141.0,68571.0,5458.0;Tm9;R;720575940627221239;R786;D
201858.0,61143.0,3887.0;Tm9;R;720575940618266683;R787;D
201848.0,57654.0,4089.0;Tm9;R;720575940628837909;R788;D
201525.0,59005.0,4046.0;Tm9;R;720575940623214583;R789;D
209672.0,63472.0,5559.0;Tm9;R;720575940629697502;R790;D
